Date,Close/Last,Volume,Open,High,Low
04/14/2023,$163.22,2618077,$164.24,$164.77,$161.46
04/13/2023,$162.30,2729022,$159.80,$162.42,$158.98
04/12/2023,$159.29,2817645,$163.22,$163.22,$158.8651
04/11/2023,$161.83,2742327,$161.67,$162.58,$160.315
04/10/2023,$161.14,2372633,$158.04,$161.17,$157.80
04/06/2023,$158.83,3754544,$160.63,$160.79,$158.23
04/05/2023,$161.08,2346826,$160.56,$161.60,$160.19
04/04/2023,$162.56,2063730,$165.01,$165.19,$160.83
04/03/2023,$163.78,2704361,$164.11,$165.24,$162.68
03/31/2023,$164.95,3594349,$163.67,$165.08,$161.75
03/30/2023,$162.41,2644815,$163.96,$164.96,$161.81
03/29/2023,$163.59,3884987,$161.70,$164.1871,$161.08
03/28/2023,$159.21,4883678,$162.21,$162.59,$158.19
03/27/2023,$163.12,3974110,$163.95,$164.47,$161.83
03/24/2023,$159.78,2588943,$160.52,$160.705,$157.82
03/23/2023,$162.76,3727735,$162.67,$166.24,$160.82
03/22/2023,$162.75,4367267,$164.63,$166.77,$162.50
03/21/2023,$164.56,3986761,$162.94,$164.57,$161.70
03/20/2023,$158.74,3054323,$158.37,$160.69,$157.57
03/17/2023,$156.52,7447152,$158.22,$158.648,$154.90
03/16/2023,$160.73,4738349,$158.06,$161.92,$156.10
03/15/2023,$159.81,6100774,$157.91,$159.955,$155.93
03/14/2023,$163.91,5284046,$161.50,$164.32,$160.88
03/13/2023,$157.63,6123186,$161.485,$161.985,$157.42
03/10/2023,$165.70,5104317,$170.83,$170.83,$164.835
03/09/2023,$172.12,4349449,$179.595,$180.2674,$171.955
03/08/2023,$174.83,2101443,$175.83,$176.22,$173.57
03/07/2023,$175.32,2906585,$178.67,$178.90,$175.08
03/06/2023,$179.06,2730912,$178.56,$180.515,$178.46
03/03/2023,$179.09,2875671,$176.01,$179.39,$175.23
03/02/2023,$175.34,1795345,$174.04,$175.825,$172.66
03/01/2023,$175.91,2566454,$173.51,$177.20,$173.01
02/28/2023,$173.99,2301391,$174.01,$175.335,$173.58
02/27/2023,$173.30,1909122,$175.53,$175.69,$173.08
02/24/2023,$174.25,1667412,$173.69,$174.94,$172.19
02/23/2023,$175.14,2575312,$175.24,$176.60,$172.855
02/22/2023,$174.70,2468774,$173.56,$176.0229,$172.93
02/21/2023,$173.48,2713342,$175.12,$176.50,$173.32
02/17/2023,$177.30,2355409,$176.05,$177.61,$174.655
02/16/2023,$177.94,1899103,$179.48,$179.88,$177.68
02/15/2023,$180.67,1502075,$178.92,$180.74,$178.50
02/14/2023,$181.02,2326126,$180.31,$182.15,$178.79
02/13/2023,$181.33,3102548,$179.24,$181.3806,$178.28
02/10/2023,$179.25,2586245,$178.57,$179.73,$176.49
02/09/2023,$179.37,3557851,$179.15,$182.08,$178.48
02/08/2023,$179.00,2926547,$179.75,$180.10,$177.88
02/07/2023,$178.70,3526392,$175.05,$179.03,$174.7482
02/06/2023,$176.48,3397762,$176.74,$177.75,$175.69
02/03/2023,$178.86,5305060,$171.56,$180.40,$171.21
02/02/2023,$173.13,6895514,$174.16,$175.22,$171.08
02/01/2023,$173.61,3725218,$173.38,$175.12,$171.93
01/31/2023,$174.93,5170928,$172.91,$175.31,$171.895
01/30/2023,$172.66,10240660,$174.79,$177.86,$172.5108
01/27/2023,$172.31,13997340,$166.80,$175.5416,$165.50
01/26/2023,$155.88,3640253,$157.65,$158.2299,$154.285
01/25/2023,$156.77,2916452,$153.49,$157.055,$153.37
01/24/2023,$155.33,2348501,$154.00,$156.67,$152.6601
01/23/2023,$154.00,3608652,$152.00,$155.06,$151.55
01/20/2023,$151.60,3954780,$147.96,$151.78,$147.72
01/19/2023,$146.85,3852474,$146.61,$148.00,$144.20
01/18/2023,$150.42,2762417,$154.49,$154.7599,$150.3205
01/17/2023,$153.75,3073414,$155.54,$156.10,$153.37
01/13/2023,$155.76,2391262,$153.24,$156.25,$152.30
01/12/2023,$154.92,3322481,$154.76,$155.748,$152.40
01/11/2023,$153.92,3113699,$152.30,$154.11,$152.27
01/10/2023,$152.00,2198389,$150.51,$152.18,$149.28
01/09/2023,$150.40,3219406,$151.35,$152.445,$150.10
01/06/2023,$150.17,3077593,$147.74,$150.43,$145.48
01/05/2023,$146.43,2505858,$147.16,$148.72,$146.02
01/04/2023,$150.54,2620388,$148.56,$151.96,$148.56
01/03/2023,$147.12,2762338,$149.54,$150.45,$145.73
12/30/2022,$147.75,2247443,$146.01,$147.93,$145.73
12/29/2022,$147.32,1758641,$145.08,$147.62,$144.4001
12/28/2022,$144.01,1490160,$146.21,$146.82,$143.94
12/27/2022,$146.39,1858526,$147.29,$147.86,$145.67
12/23/2022,$147.02,1671830,$145.23,$147.1391,$144.52
12/22/2022,$145.31,2901666,$146.05,$146.70,$142.72
12/21/2022,$147.10,2107058,$147.06,$147.7777,$146.37
12/20/2022,$145.70,1607973,$144.99,$146.50,$144.25
12/19/2022,$145.01,2546222,$146.04,$146.74,$143.66
12/16/2022,$146.30,4510826,$148.59,$148.59,$144.15
12/15/2022,$150.22,4284799,$151.65,$152.28,$146.47
12/14/2022,$154.11,3556245,$157.57,$158.62,$153.84
12/13/2022,$157.52,3110544,$160.62,$161.55,$156.16
12/12/2022,$157.31,2773937,$154.26,$157.76,$154.00
12/09/2022,$153.90,1761275,$153.99,$155.14,$152.6168
12/08/2022,$154.12,1632502,$155.89,$156.42,$153.45
12/07/2022,$154.77,2879830,$154.56,$156.99,$154.3101
12/06/2022,$154.70,3285269,$155.75,$158.34,$153.321
12/05/2022,$156.08,3013097,$155.96,$159.445,$155.55
12/02/2022,$156.75,2285397,$155.22,$157.28,$155.00
12/01/2022,$157.50,2670351,$157.72,$158.87,$154.75
11/30/2022,$157.59,3914739,$153.84,$157.59,$151.4831
11/29/2022,$154.42,2655744,$150.96,$154.47,$150.525
11/28/2022,$150.87,1783271,$152.69,$153.78,$150.37
11/25/2022,$154.15,665794,$153.52,$154.47,$153.17
11/23/2022,$153.93,1404497,$153.83,$154.99,$152.88
11/22/2022,$154.58,2124751,$154.10,$155.145,$153.285
11/21/2022,$152.81,2003541,$152.25,$153.46,$151.89
11/18/2022,$152.50,2631321,$152.25,$153.76,$150.9375
11/17/2022,$150.64,2769983,$150.00,$151.0623,$149.22
11/16/2022,$152.57,2635283,$154.21,$155.91,$151.854
11/15/2022,$153.89,2917022,$156.96,$157.35,$152.32
11/14/2022,$154.13,3666615,$153.37,$156.50,$153.06
11/11/2022,$154.89,3714598,$156.49,$158.88,$154.70
11/10/2022,$154.75,4701614,$152.79,$155.79,$151.31
11/09/2022,$145.86,2425496,$149.47,$149.47,$145.66
11/08/2022,$150.20,3846057,$147.44,$151.34,$147.1375
11/07/2022,$146.98,2917984,$146.20,$147.54,$143.76
11/04/2022,$144.72,3322250,$142.40,$146.356,$141.00
11/03/2022,$139.31,3960528,$141.09,$142.20,$138.77
11/02/2022,$143.50,2852089,$146.58,$149.03,$143.3701
11/01/2022,$147.08,2675699,$149.96,$150.63,$146.63
10/31/2022,$148.45,3043149,$150.00,$150.30,$148.32
10/28/2022,$150.44,3383315,$146.56,$150.91,$146.05
10/27/2022,$146.97,2101525,$148.44,$149.71,$146.41
10/26/2022,$146.88,3560551,$147.56,$149.50,$146.47
10/25/2022,$147.02,3889104,$142.48,$147.44,$141.60
10/24/2022,$141.63,4299569,$141.30,$143.79,$140.37
10/21/2022,$140.04,11755400,$140.99,$141.32,$132.21
10/20/2022,$142.42,4319336,$144.00,$147.315,$142.15
10/19/2022,$143.97,2804054,$145.43,$147.07,$142.60
10/18/2022,$145.99,3963269,$146.13,$147.05,$143.55
10/17/2022,$141.54,3139254,$140.58,$142.22,$140.09
10/14/2022,$136.81,3873599,$142.96,$143.88,$136.14
10/13/2022,$141.55,5232724,$131.35,$142.55,$130.65
10/12/2022,$136.74,2397555,$137.31,$138.45,$136.11
10/11/2022,$137.35,2588904,$136.37,$139.21,$135.39
10/10/2022,$137.51,2893409,$140.01,$140.38,$136.65
10/07/2022,$139.00,2579628,$140.42,$141.29,$138.08
10/06/2022,$142.38,2526239,$143.05,$145.06,$142.13
10/05/2022,$144.37,2073878,$142.92,$145.29,$142.08
10/04/2022,$145.46,2408884,$143.03,$145.55,$143.03
10/03/2022,$140.02,2677118,$137.95,$140.77,$134.92
09/30/2022,$134.91,3717212,$137.40,$138.67,$134.615
09/29/2022,$137.79,2280921,$138.39,$138.95,$135.84
09/28/2022,$140.56,5269635,$138.50,$141.18,$136.52
09/27/2022,$137.49,2828818,$139.44,$140.38,$136.10
09/26/2022,$137.45,3808706,$140.04,$141.29,$136.695
09/23/2022,$140.26,3035586,$140.775,$141.96,$138.09
09/22/2022,$143.03,3249602,$148.82,$148.89,$142.465
09/21/2022,$148.71,2599851,$154.67,$154.81,$148.66
09/20/2022,$153.48,1725941,$153.58,$154.59,$152.13
09/19/2022,$155.36,2472633,$151.25,$155.48,$150.70
09/16/2022,$153.08,6527339,$154.08,$154.08,$150.51
09/15/2022,$156.13,2371603,$156.43,$158.79,$155.90
09/14/2022,$156.30,2840430,$156.18,$157.555,$153.50
09/13/2022,$155.35,3519831,$158.14,$159.81,$154.84
09/12/2022,$162.45,4146273,$159.50,$163.45,$159.34
09/09/2022,$158.44,3543560,$154.45,$158.59,$154.30
09/08/2022,$153.52,3399245,$150.92,$153.69,$149.515
09/07/2022,$152.25,1766424,$148.40,$152.70,$148.38
09/06/2022,$148.60,2797699,$150.00,$151.31,$146.55
09/02/2022,$149.79,2028573,$153.48,$153.98,$148.93
09/01/2022,$151.11,2425163,$150.82,$151.37,$147.65
08/31/2022,$152.00,3271569,$155.56,$156.37,$151.84
08/30/2022,$154.66,2104499,$155.64,$156.12,$152.90
08/29/2022,$154.54,2693612,$155.88,$156.51,$154.41
08/26/2022,$157.31,2373705,$163.21,$163.59,$157.19
08/25/2022,$162.23,1936300,$160.00,$162.33,$158.78
08/24/2022,$159.13,2029412,$157.03,$159.56,$156.29
08/23/2022,$157.33,2885214,$158.00,$159.60,$157.20
08/22/2022,$157.70,1969338,$158.98,$159.19,$156.98
08/19/2022,$162.24,1895447,$163.50,$163.93,$162.01
08/18/2022,$164.65,1397717,$163.93,$164.99,$163.335
08/17/2022,$163.90,1804125,$163.30,$164.48,$162.20
08/16/2022,$165.35,1876086,$165.00,$165.98,$163.96
08/15/2022,$165.40,1852804,$164.28,$166.06,$163.76
08/12/2022,$165.84,1942595,$164.47,$166.00,$163.28
08/11/2022,$162.99,1968206,$164.36,$164.9239,$162.18
08/10/2022,$162.44,3225372,$161.77,$164.21,$161.64
08/09/2022,$158.80,2997862,$157.64,$158.94,$157.27
08/08/2022,$157.28,3080917,$159.00,$160.79,$156.94
08/05/2022,$157.51,2513764,$156.48,$158.039,$156.00
08/04/2022,$156.87,3693423,$156.02,$157.71,$155.26
08/03/2022,$155.43,2609272,$154.07,$156.04,$153.31
08/02/2022,$151.60,2563111,$152.02,$153.30,$150.84
08/01/2022,$153.33,2295687,$152.84,$154.77,$151.802
07/29/2022,$154.02,3198134,$152.37,$154.38,$151.29
07/28/2022,$152.14,3587931,$151.76,$152.65,$147.54
07/27/2022,$151.63,5029067,$151.60,$152.72,$147.27
07/26/2022,$149.83,2812658,$152.73,$153.50,$148.84
07/25/2022,$153.79,4213808,$154.25,$154.78,$151.2134
07/22/2022,$153.01,9298440,$159.01,$160.88,$152.62
07/21/2022,$150.18,4683039,$148.21,$150.33,$146.445
07/20/2022,$148.93,2802253,$146.87,$149.10,$146.37
07/19/2022,$147.78,3372275,$144.40,$147.93,$144.40
07/18/2022,$142.33,3330344,$144.34,$146.05,$141.52
07/15/2022,$142.48,3296764,$139.71,$143.11,$138.87
07/14/2022,$136.48,4600268,$135.70,$137.24,$134.12
07/13/2022,$139.40,2753776,$136.84,$140.02,$136.36
07/12/2022,$139.18,4047613,$137.53,$141.89,$137.0601
07/11/2022,$140.58,2377876,$140.47,$142.31,$139.835
07/08/2022,$141.76,3631943,$141.74,$143.11,$139.72
07/07/2022,$141.03,4258109,$140.18,$142.17,$139.15
07/06/2022,$138.15,4401364,$139.29,$140.50,$137.85
07/05/2022,$139.65,4057491,$137.22,$139.65,$135.65
07/01/2022,$140.40,2625268,$138.07,$140.89,$137.47
06/30/2022,$138.62,4123483,$136.70,$139.87,$134.30
06/29/2022,$139.47,4164876,$141.65,$141.675,$138.45
06/28/2022,$142.19,2720704,$146.08,$149.51,$141.85
06/27/2022,$144.29,3151538,$147.99,$148.77,$143.95
06/24/2022,$146.15,8957200,$141.63,$146.27,$141.00
06/23/2022,$141.65,3915027,$144.52,$144.63,$139.47
06/22/2022,$144.39,3419621,$142.23,$146.35,$141.341
06/21/2022,$144.76,3518802,$148.70,$148.70,$144.16
06/17/2022,$144.18,10033580,$138.00,$145.5604,$137.59
06/16/2022,$137.50,4815069,$142.59,$142.60,$136.49
06/15/2022,$146.22,3327823,$146.69,$147.885,$143.44
06/14/2022,$144.60,3574754,$145.95,$147.40,$143.25
06/13/2022,$146.29,4156526,$149.86,$151.03,$145.38
06/10/2022,$154.42,2733681,$157.26,$157.875,$154.36
06/09/2022,$160.98,2274633,$166.22,$166.57,$160.93
06/08/2022,$165.96,2313907,$166.75,$168.64,$165.19
06/07/2022,$168.69,2083115,$164.64,$169.4826,$164.45
06/06/2022,$167.02,1486149,$169.10,$170.259,$166.27
06/03/2022,$166.83,1390842,$166.90,$168.04,$165.98
06/02/2022,$169.14,1707213,$166.14,$169.19,$165.93
06/01/2022,$165.76,2276376,$168.70,$169.3688,$163.84
05/31/2022,$168.82,4123507,$167.94,$170.78,$167.04
05/27/2022,$169.60,2157655,$167.08,$169.68,$166.04
05/26/2022,$165.37,2463957,$162.70,$166.77,$162.70
05/25/2022,$160.51,4380974,$157.14,$161.76,$156.075
05/24/2022,$155.63,2817844,$157.29,$157.97,$152.9232
05/23/2022,$159.04,2726581,$156.61,$159.56,$156.02
05/20/2022,$153.24,2982520,$154.35,$154.80,$149.71
05/19/2022,$154.00,2768341,$153.57,$156.46,$153.25
05/18/2022,$156.10,2697883,$160.79,$160.85,$155.40
05/17/2022,$161.85,2928066,$161.07,$162.7634,$158.40
05/16/2022,$156.43,2811534,$157.41,$158.74,$154.32
05/13/2022,$158.75,3625115,$155.96,$160.09,$155.88
05/12/2022,$153.27,5314843,$155.60,$157.155,$149.88
05/11/2022,$159.39,2644292,$161.73,$164.94,$159.04
05/10/2022,$161.83,3015024,$163.42,$164.73,$158.39
05/09/2022,$161.02,4485182,$165.03,$166.02,$160.38
05/06/2022,$167.15,3129999,$169.17,$169.99,$165.01
05/05/2022,$171.01,2987115,$176.64,$176.76,$169.33
05/04/2022,$177.82,2930417,$172.22,$178.17,$171.20
05/03/2022,$172.11,3152328,$173.00,$174.00,$170.325
05/02/2022,$171.62,3881837,$174.652,$174.88,$167.51
04/29/2022,$174.71,3210677,$180.09,$182.305,$174.33
04/28/2022,$181.98,2706061,$180.35,$183.89,$177.61
04/27/2022,$177.63,4085821,$177.66,$179.41,$175.50
04/26/2022,$178.65,3728056,$183.25,$183.91,$178.54
04/25/2022,$184.10,4408872,$179.98,$184.26,$177.99
04/22/2022,$180.54,4373711,$185.43,$185.55,$180.32
04/21/2022,$185.74,3973185,$190.94,$192.42,$184.5801
04/20/2022,$188.46,2256223,$188.33,$190.15,$187.64
04/19/2022,$187.17,2713778,$185.01,$188.0876,$184.71
04/18/2022,$184.48,2182651,$181.33,$185.89,$181.00
04/14/2022,$181.16,2667102,$179.27,$182.47,$178.68
04/13/2022,$179.59,2980783,$174.23,$180.02,$174.00
04/12/2022,$175.54,4348860,$176.57,$179.25,$174.7101
04/11/2022,$177.57,4816967,$181.06,$182.44,$177.25
04/08/2022,$183.70,3075707,$183.00,$186.72,$181.93
04/07/2022,$182.39,4062440,$181.52,$183.265,$179.11
04/06/2022,$183.71,3143308,$184.49,$184.87,$181.73
04/05/2022,$185.40,2974710,$187.49,$190.84,$184.80
04/04/2022,$187.66,2971519,$187.62,$188.50,$185.59
04/01/2022,$187.17,2646976,$188.20,$189.4158,$186.28
03/31/2022,$187.00,3801799,$189.53,$191.1087,$186.94
03/30/2022,$189.76,2278190,$191.39,$192.10,$188.40
03/29/2022,$190.94,2764127,$192.33,$194.00,$190.36
03/28/2022,$189.70,3043718,$189.95,$189.95,$186.29
03/25/2022,$190.28,1872175,$190.41,$191.26,$189.00
03/24/2022,$188.89,2424574,$186.61,$189.37,$185.70
03/23/2022,$186.02,3664595,$188.83,$189.62,$185.18
03/22/2022,$191.33,3006978,$190.50,$194.35,$190.06
03/21/2022,$189.09,3166169,$190.77,$191.50,$187.56
03/18/2022,$190.72,8744106,$188.69,$191.00,$184.84
03/17/2022,$186.97,6398861,$180.18,$187.71,$180.06
03/16/2022,$180.61,5239264,$179.18,$182.76,$176.30
03/15/2022,$176.04,3827346,$173.59,$178.295,$173.37
03/14/2022,$172.79,4614621,$171.33,$174.71,$169.71
03/11/2022,$167.90,3000007,$171.75,$172.31,$167.63
03/10/2022,$169.60,3841129,$165.59,$170.96,$164.83
03/09/2022,$168.65,4788406,$168.02,$170.73,$166.71
03/08/2022,$160.05,7058862,$160.52,$166.29,$155.72
03/07/2022,$159.13,7760413,$170.13,$170.755,$159.08
03/04/2022,$172.95,5349824,$176.62,$176.83,$170.8205
03/03/2022,$179.89,3339910,$182.11,$183.45,$178.73
03/02/2022,$180.31,4058834,$179.79,$182.24,$178.10
03/01/2022,$178.06,8562503,$194.67,$194.77,$176.77
02/28/2022,$194.54,5787757,$189.63,$195.13,$189.23
02/25/2022,$193.71,5426163,$189.66,$194.25,$189.46
02/24/2022,$188.35,5886604,$180.47,$188.50,$179.05
02/23/2022,$188.95,3562094,$194.35,$194.45,$188.55
02/22/2022,$192.44,3420575,$195.18,$196.15,$191.75
02/18/2022,$194.88,2806269,$194.92,$197.75,$194.20
02/17/2022,$195.71,3051685,$195.63,$197.38,$194.27
02/16/2022,$198.38,4122642,$197.50,$199.55,$197.24
02/15/2022,$197.98,4135150,$194.65,$198.36,$194.18
02/14/2022,$192.35,3841257,$192.26,$194.15,$190.92
02/11/2022,$191.81,4834921,$195.43,$197.20,$190.45
02/10/2022,$195.51,4511139,$196.36,$198.23,$194.61
02/09/2022,$196.40,4614173,$194.30,$198.72,$194.30
02/08/2022,$194.00,5133918,$188.08,$194.53,$187.61
02/07/2022,$187.87,3260818,$185.63,$188.91,$184.75
02/04/2022,$185.85,4075775,$184.91,$188.68,$184.18
02/03/2022,$184.04,3381027,$184.80,$185.80,$182.3201
02/02/2022,$184.16,2841396,$182.51,$184.58,$181.64
02/01/2022,$183.54,3471202,$179.92,$184.04,$179.00
01/31/2022,$179.82,5524258,$175.91,$180.13,$175.22
01/28/2022,$177.06,4271532,$171.76,$177.21,$169.77
01/27/2022,$171.90,3651426,$176.70,$178.20,$170.63
01/26/2022,$175.32,8257282,$176.95,$179.2247,$173.03
01/25/2022,$173.11,13320820,$166.14,$174.4696,$159.66
01/24/2022,$158.93,5406501,$155.82,$159.45,$152.85
01/21/2022,$158.74,3779077,$159.95,$161.8799,$157.68
01/20/2022,$160.92,4205598,$161.12,$164.57,$159.462
01/19/2022,$161.39,3591955,$166.73,$166.73,$161.17
01/18/2022,$166.17,4336587,$167.91,$168.94,$164.84
01/14/2022,$168.40,6508504,$168.71,$168.71,$164.71
01/13/2022,$173.29,3808846,$174.92,$176.375,$172.85
01/12/2022,$174.47,3224454,$176.23,$176.82,$174.17
01/11/2022,$175.38,2762834,$174.54,$175.72,$172.49
01/10/2022,$173.74,4269577,$176.21,$176.21,$170.50
01/07/2022,$174.38,3043017,$172.49,$175.36,$171.8601
01/06/2022,$172.90,2649471,$172.54,$173.69,$169.75
01/05/2022,$171.76,4491937,$174.71,$176.31,$171.50
01/04/2022,$173.61,4799729,$169.72,$174.05,$169.60
01/03/2022,$168.21,3126302,$164.51,$168.40,$164.40
12/31/2021,$163.60,1743680,$164.10,$165.17,$163.25
12/30/2021,$164.16,1633032,$164.62,$165.80,$164.00
12/29/2021,$163.83,2082161,$164.62,$164.93,$163.26
12/28/2021,$164.41,2035328,$163.60,$166.13,$163.60
12/27/2021,$164.39,1688149,$165.00,$165.00,$162.5301
12/23/2021,$164.19,3140482,$163.86,$166.3963,$163.59
12/22/2021,$162.47,2877654,$160.53,$163.17,$160.45
12/21/2021,$160.91,3722732,$157.75,$161.05,$157.5201
12/20/2021,$155.89,3839553,$157.00,$158.21,$153.78
12/17/2021,$160.01,9581837,$161.00,$161.315,$156.95
12/16/2021,$163.00,4900140,$164.00,$165.18,$161.90
12/15/2021,$162.24,5012982,$162.71,$163.05,$158.53
12/14/2021,$162.85,2964201,$162.14,$165.26,$161.06
12/13/2021,$163.30,3477606,$166.40,$166.40,$161.9937
12/10/2021,$167.03,2768512,$169.38,$170.58,$165.96
12/09/2021,$168.02,2245342,$167.85,$168.8299,$166.55
12/08/2021,$168.93,4042446,$167.98,$170.54,$167.28
12/07/2021,$166.95,5124476,$164.50,$169.16,$164.16
12/06/2021,$160.68,4141873,$159.07,$162.74,$158.05
12/03/2021,$155.94,4069252,$158.08,$158.33,$153.63
12/02/2021,$156.77,6289250,$151.68,$157.91,$151.46
12/01/2021,$150.06,6159348,$156.10,$157.07,$149.89
11/30/2021,$152.30,7444938,$155.09,$155.87,$151.70
11/29/2021,$157.86,6258548,$160.75,$161.41,$154.3401
11/26/2021,$156.82,6804152,$165.09,$165.24,$154.495
11/24/2021,$171.61,3590757,$168.48,$171.98,$167.90
11/23/2021,$170.85,5890532,$171.30,$171.95,$167.83
11/22/2021,$170.90,4653291,$174.99,$175.25,$170.89
11/19/2021,$173.54,4456843,$173.73,$175.265,$171.84
11/18/2021,$176.21,4015517,$180.00,$180.37,$175.84
11/17/2021,$179.61,3543517,$181.18,$181.74,$178.20
11/16/2021,$180.92,3299192,$183.40,$183.40,$179.74
11/15/2021,$183.13,1748578,$182.53,$183.93,$182.04
11/12/2021,$181.89,2390445,$180.71,$182.38,$179.65
11/11/2021,$181.30,2120041,$181.99,$182.73,$180.74
11/10/2021,$181.39,3296683,$179.36,$183.48,$179.36
11/09/2021,$179.86,3203346,$179.76,$181.19,$178.43
11/08/2021,$180.05,3391950,$178.07,$182.09,$177.79
11/05/2021,$176.69,3935961,$176.18,$177.79,$175.35
11/04/2021,$172.53,3315441,$172.13,$174.02,$171.66
11/03/2021,$172.61,3831399,$172.70,$173.83,$171.75
11/02/2021,$173.17,3252942,$175.00,$175.20,$172.57
11/01/2021,$174.21,2250438,$174.58,$176.07,$173.34
10/29/2021,$173.78,3455385,$175.63,$176.67,$173.04
10/28/2021,$174.61,4865738,$178.40,$179.2271,$173.02
10/27/2021,$178.03,3309864,$180.10,$183.73,$177.91
10/26/2021,$180.95,3832409,$183.42,$183.50,$177.52
10/25/2021,$182.31,3889567,$186.73,$187.21,$181.83
10/22/2021,$187.08,6026087,$185.00,$189.03,$182.20
10/21/2021,$177.47,3313778,$179.58,$179.79,$176.01
10/20/2021,$179.60,2398543,$176.95,$179.77,$176.21
10/19/2021,$177.31,1400085,$177.73,$178.00,$176.26
10/18/2021,$176.82,2623346,$175.58,$177.605,$174.33
10/15/2021,$175.81,3043939,$173.77,$177.77,$173.15
10/14/2021,$171.51,3062078,$171.00,$172.38,$169.81
10/13/2021,$168.72,5608682,$172.78,$174.0861,$167.08
10/12/2021,$174.91,3069585,$173.61,$176.56,$173.10
10/11/2021,$173.46,2499347,$175.79,$176.79,$173.33
10/08/2021,$175.15,2375299,$173.85,$176.98,$173.53
10/07/2021,$174.29,3578801,$175.50,$176.8681,$173.70
10/06/2021,$173.40,2922239,$172.55,$174.90,$169.90
10/05/2021,$174.76,2629648,$173.43,$176.06,$172.64
10/04/2021,$172.66,3613872,$173.88,$177.23,$171.88
10/01/2021,$173.94,3956002,$168.50,$175.12,$168.48
09/30/2021,$167.53,3091993,$172.18,$172.36,$167.41
09/29/2021,$171.54,2726147,$172.89,$172.98,$170.40
09/28/2021,$173.14,3862445,$175.49,$177.24,$172.685
09/27/2021,$176.77,3703294,$177.67,$178.80,$176.33
09/24/2021,$175.72,2680362,$173.37,$176.00,$173.30
09/23/2021,$173.36,4399234,$169.49,$174.10,$169.31
09/22/2021,$167.49,3562920,$165.62,$168.62,$164.90
09/21/2021,$163.27,3480657,$161.91,$165.35,$161.69
09/20/2021,$160.57,5976863,$159.36,$162.14,$157.95
09/17/2021,$163.92,6395518,$161.57,$164.25,$161.57
09/16/2021,$162.63,2764960,$163.10,$164.50,$162.20
09/15/2021,$161.34,2933104,$160.02,$162.31,$159.21
09/14/2021,$159.48,4281618,$162.68,$165.83,$158.78
09/13/2021,$161.45,3192472,$160.64,$161.80,$159.75
09/10/2021,$158.72,2943665,$161.17,$161.46,$158.39
09/09/2021,$159.39,3295869,$158.78,$162.15,$158.54
09/08/2021,$158.93,3057036,$159.19,$159.26,$156.80
09/07/2021,$159.72,3779455,$158.87,$160.66,$158.57
09/03/2021,$159.30,4207482,$160.75,$161.282,$158.165
09/02/2021,$162.05,4350746,$165.05,$165.08,$161.14
09/01/2021,$164.44,2569133,$166.34,$167.275,$164.13
08/31/2021,$165.96,3536411,$164.10,$166.43,$163.7181
08/30/2021,$164.26,2582193,$168.16,$168.30,$164.21
08/27/2021,$168.65,3002548,$165.35,$168.89,$165.16
08/26/2021,$165.51,3164701,$165.97,$166.50,$164.38
08/25/2021,$166.18,3580170,$161.88,$167.23,$160.50
08/24/2021,$161.20,2377641,$160.60,$161.90,$160.19
08/23/2021,$160.45,2006541,$161.23,$161.85,$160.11
08/20/2021,$159.75,3074990,$158.85,$159.99,$158.06
08/19/2021,$159.03,4256385,$160.16,$161.0886,$157.33
08/18/2021,$162.13,3563667,$163.83,$165.14,$162.06
08/17/2021,$164.65,7631605,$164.76,$166.35,$163.35
08/16/2021,$165.75,3847993,$164.77,$165.895,$162.63
08/13/2021,$166.08,4157675,$168.09,$168.30,$165.61
08/12/2021,$168.52,3373007,$170.02,$170.11,$167.97
08/11/2021,$170.67,3843380,$169.45,$170.73,$168.67
08/10/2021,$169.49,3389706,$170.73,$171.70,$168.675
08/09/2021,$170.78,2560525,$170.35,$171.12,$168.79
08/06/2021,$171.36,2828724,$170.53,$172.85,$169.74
08/05/2021,$169.63,2535484,$168.66,$170.53,$168.3201
08/04/2021,$168.06,3544432,$168.30,$170.4399,$167.32
08/03/2021,$169.04,3642023,$169.75,$170.29,$165.30
08/02/2021,$169.27,2895656,$171.14,$173.36,$168.76
07/30/2021,$170.53,3442209,$172.32,$173.24,$169.815
07/29/2021,$171.95,3186903,$171.39,$173.815,$171.00
07/28/2021,$170.02,7961672,$173.00,$173.45,$169.71
07/27/2021,$172.94,7922826,$170.46,$175.12,$169.96
07/26/2021,$172.61,3115863,$173.25,$175.43,$172.30
07/23/2021,$173.18,6326617,$176.53,$179.67,$172.95
07/22/2021,$170.90,3335940,$172.25,$173.209,$169.05
07/21/2021,$172.51,3384776,$170.74,$173.62,$169.74
07/20/2021,$168.87,4243662,$162.94,$169.58,$162.57
07/19/2021,$162.81,6739752,$165.65,$166.38,$161.48
07/16/2021,$170.01,4359817,$173.74,$173.79,$169.54
07/15/2021,$172.85,3448298,$171.14,$173.26,$171.10
07/14/2021,$172.52,3123051,$172.86,$174.55,$171.01
07/13/2021,$172.62,2674962,$174.00,$174.74,$172.42
07/12/2021,$173.60,3154068,$170.07,$174.10,$169.8801
07/09/2021,$171.94,3175192,$170.00,$172.31,$169.21
07/08/2021,$167.50,4628410,$166.95,$170.04,$165.59
07/07/2021,$170.98,3998915,$169.60,$174.76,$169.38
07/06/2021,$169.56,4688149,$172.54,$172.54,$167.80
07/02/2021,$168.50,2029377,$167.70,$168.98,$167.01
07/01/2021,$166.94,2685879,$165.65,$167.37,$164.69
06/30/2021,$165.23,2331836,$163.70,$166.16,$163.70
06/29/2021,$164.25,2785869,$165.57,$166.32,$163.23
06/28/2021,$164.78,3433417,$168.62,$168.845,$163.20
06/25/2021,$169.45,9185989,$168.45,$170.41,$168.45
06/24/2021,$168.21,2417124,$167.055,$168.58,$166.41
06/23/2021,$166.02,2327649,$165.03,$166.86,$164.79
06/22/2021,$164.50,2697851,$163.42,$165.24,$162.46
06/21/2021,$164.90,3681406,$160.08,$165.21,$159.13
06/18/2021,$158.17,6900458,$158.70,$159.67,$157.25
06/17/2021,$162.13,4194569,$165.97,$165.9971,$160.53
06/16/2021,$164.68,3281606,$165.78,$166.65,$164.27
06/15/2021,$166.27,3726439,$163.93,$166.90,$163.80
06/14/2021,$163.81,2125719,$164.30,$164.88,$163.11
06/11/2021,$164.51,1630124,$163.00,$164.54,$162.51
06/10/2021,$162.23,3024778,$165.18,$165.21,$162.12
06/09/2021,$164.09,2700099,$165.27,$166.14,$163.80
06/08/2021,$166.51,2486506,$164.86,$167.14,$163.63
06/07/2021,$165.92,2516443,$165.63,$166.65,$165.37
06/04/2021,$165.00,3239263,$165.00,$165.73,$163.32
06/03/2021,$164.52,2454835,$163.68,$165.42,$162.82
06/02/2021,$164.12,3384656,$164.61,$165.69,$163.32
06/01/2021,$163.76,3827978,$162.51,$164.11,$161.55
05/28/2021,$160.13,2437025,$160.26,$160.635,$158.86
05/27/2021,$159.74,2828368,$159.98,$160.29,$158.85
05/26/2021,$158.58,3731658,$158.16,$159.38,$157.37
05/25/2021,$158.01,2484248,$159.07,$160.08,$157.74
05/24/2021,$158.64,1956937,$157.70,$158.905,$156.95
05/21/2021,$156.87,3424122,$156.70,$158.81,$156.3459
05/20/2021,$155.53,3031135,$155.47,$156.251,$153.93
05/19/2021,$154.73,3527061,$152.07,$154.775,$151.72
05/18/2021,$154.99,2417796,$157.36,$158.30,$154.86
05/17/2021,$156.86,1541383,$157.05,$157.3751,$155.88
05/14/2021,$157.15,1892786,$155.39,$157.935,$154.53
05/13/2021,$154.08,2269772,$152.41,$154.81,$151.81
05/12/2021,$152.30,3487353,$154.72,$155.90,$152.07
05/11/2021,$154.43,3900087,$156.46,$157.79,$153.65
05/10/2021,$158.68,2987640,$159.75,$160.69,$158.50
05/07/2021,$158.98,2617982,$155.61,$159.26,$155.34
05/06/2021,$156.88,2798825,$156.86,$157.505,$154.02
05/05/2021,$156.39,2194909,$154.87,$156.73,$154.32
05/04/2021,$154.53,3025258,$154.48,$155.74,$152.8401
05/03/2021,$154.80,2726404,$154.59,$156.05,$154.01
04/30/2021,$153.35,2712846,$153.60,$154.04,$152.48
04/29/2021,$154.63,2636183,$153.85,$155.08,$152.09
04/28/2021,$152.54,2584455,$150.68,$153.455,$149.44
04/27/2021,$150.36,2692069,$150.70,$150.88,$148.85
04/26/2021,$150.34,4821052,$146.80,$151.12,$145.56
04/23/2021,$144.33,6400505,$141.54,$144.98,$140.68
04/22/2021,$147.16,3247306,$147.57,$148.92,$145.87
04/21/2021,$147.18,2161652,$144.00,$147.38,$143.02
04/20/2021,$145.10,2526892,$147.21,$147.50,$144.51
04/19/2021,$148.54,2259141,$149.19,$149.505,$147.80
04/16/2021,$149.99,3479952,$149.71,$150.45,$148.69
04/15/2021,$148.53,2901231,$147.51,$148.59,$145.50
04/14/2021,$147.42,2141855,$145.81,$148.75,$145.70
04/13/2021,$145.99,2132419,$146.55,$146.605,$143.84
04/12/2021,$147.57,1869013,$147.26,$147.77,$146.41
04/09/2021,$147.78,1783371,$148.21,$148.44,$146.69
04/08/2021,$147.04,2295770,$146.80,$147.16,$144.68
04/07/2021,$147.13,2399603,$147.42,$148.36,$145.72
04/06/2021,$146.15,2851170,$145.98,$146.53,$144.38
04/05/2021,$146.06,2960081,$146.91,$147.48,$145.61
04/01/2021,$144.57,2629367,$142.34,$144.63,$142.205
03/31/2021,$141.44,2957303,$142.98,$143.26,$141.35
03/30/2021,$143.49,2034531,$142.90,$144.48,$142.61
03/29/2021,$142.37,2220576,$141.98,$143.07,$140.31
03/26/2021,$143.73,2687546,$143.74,$143.98,$141.0506
03/25/2021,$142.28,2766588,$137.95,$142.53,$136.76
03/24/2021,$138.42,2638925,$137.97,$140.04,$137.6142
03/23/2021,$136.08,4905394,$138.94,$139.50,$135.125
03/22/2021,$139.95,2274119,$139.49,$140.99,$138.81
03/19/2021,$140.71,5098313,$141.90,$141.94,$139.7358
03/18/2021,$142.58,3173793,$145.49,$145.50,$142.07
03/17/2021,$144.68,3278463,$144.76,$144.82,$141.90
03/16/2021,$143.30,4031004,$147.25,$147.265,$142.82
03/15/2021,$146.99,2587554,$148.04,$148.92,$146.03
03/12/2021,$148.54,2420091,$149.10,$150.64,$148.02
03/11/2021,$147.75,3147700,$146.00,$147.82,$145.13
03/10/2021,$146.75,3049798,$145.70,$148.29,$145.4401
03/09/2021,$145.10,5806098,$148.58,$149.08,$144.11
03/08/2021,$150.27,4283406,$147.28,$151.46,$146.72
03/05/2021,$147.33,5048348,$144.66,$147.96,$142.08
03/04/2021,$142.68,4461743,$142.15,$144.11,$139.95
03/03/2021,$142.59,4393693,$140.00,$144.25,$140.00
03/02/2021,$139.25,2929140,$138.24,$140.19,$138.08
03/01/2021,$138.71,2972111,$138.18,$139.77,$138.12
02/26/2021,$135.26,3654873,$137.10,$138.25,$133.79
02/25/2021,$137.08,3607516,$140.62,$140.64,$136.37
02/24/2021,$139.89,4099537,$137.20,$140.95,$136.81
02/23/2021,$136.94,4814427,$136.47,$138.31,$134.28
02/22/2021,$135.95,3923076,$131.51,$136.47,$131.37
02/19/2021,$131.71,3419709,$129.49,$133.36,$129.49
02/18/2021,$128.49,2269742,$127.49,$128.83,$126.075
02/17/2021,$128.56,3199431,$130.08,$131.16,$128.44
02/16/2021,$130.68,2730821,$128.91,$130.91,$128.25
02/12/2021,$129.62,2873279,$128.19,$130.46,$128.00
02/11/2021,$128.31,3732993,$127.45,$129.12,$126.98
02/10/2021,$128.23,2929085,$127.63,$128.70,$126.84
02/09/2021,$126.68,2174998,$127.65,$127.66,$126.20
02/08/2021,$127.99,3360932,$126.87,$128.40,$126.745
02/05/2021,$126.28,3184161,$126.62,$127.34,$125.63
02/04/2021,$124.90,3916137,$120.99,$125.41,$120.80
02/03/2021,$120.44,2782538,$120.08,$120.98,$119.5604
02/02/2021,$120.70,4037011,$118.29,$122.42,$118.28
02/01/2021,$117.03,3359755,$117.70,$119.29,$117.00
01/29/2021,$116.26,5059268,$117.74,$118.39,$115.81
01/28/2021,$118.97,5788461,$117.43,$120.3799,$116.60
01/27/2021,$114.09,5816887,$114.86,$116.80,$112.0985
01/26/2021,$116.15,8932506,$118.75,$120.29,$115.72
01/25/2021,$121.15,6156720,$124.24,$125.00,$120.32
01/22/2021,$126.14,2955018,$125.74,$127.055,$124.88
01/21/2021,$127.43,3655162,$128.29,$128.89,$126.10
01/20/2021,$128.94,4090178,$127.19,$129.54,$127.07
01/19/2021,$126.75,5818462,$125.49,$128.06,$124.24
01/15/2021,$122.15,3948310,$122.48,$122.86,$121.71
01/14/2021,$123.78,3404723,$122.65,$124.50,$122.085
01/13/2021,$122.40,3678359,$121.60,$123.89,$121.16
01/12/2021,$121.62,2671310,$122.00,$122.315,$120.7201
01/11/2021,$121.06,3311225,$120.42,$121.41,$119.39
01/08/2021,$121.78,2934467,$122.07,$122.195,$119.52
01/07/2021,$121.66,8696634,$124.10,$125.6873,$117.3501
01/06/2021,$123.06,5861455,$121.00,$124.73,$120.81
01/05/2021,$118.67,2112678,$118.26,$119.28,$117.10
01/04/2021,$118.04,3472122,$121.30,$121.80,$116.85
12/31/2020,$120.91,1747820,$119.71,$121.06,$119.16
12/30/2020,$119.43,1954220,$118.25,$119.948,$118.15
12/29/2020,$118.14,1860390,$119.24,$119.35,$118.00
12/28/2020,$118.36,1878730,$118.05,$119.35,$117.60
12/24/2020,$117.35,706966,$116.93,$117.44,$115.82
12/23/2020,$116.95,2725210,$115.78,$118.19,$115.78
12/22/2020,$114.55,3634384,$116.19,$116.26,$114.38
12/21/2020,$116.41,4528289,$115.77,$118.00,$113.72
12/18/2020,$117.51,8394103,$118.59,$119.36,$116.65
12/17/2020,$118.98,3747029,$119.41,$119.6691,$118.46
12/16/2020,$119.00,2943758,$118.93,$119.59,$118.28
12/15/2020,$119.10,4529332,$118.79,$119.31,$115.56
12/14/2020,$117.36,5336327,$121.73,$121.79,$116.65
12/11/2020,$120.23,2942770,$120.11,$120.50,$118.84
12/10/2020,$121.84,2818840,$120.72,$122.13,$119.70
12/09/2020,$121.69,3622849,$123.28,$123.96,$121.0065
12/08/2020,$123.52,3623321,$122.47,$124.55,$122.02
12/07/2020,$123.94,4253683,$124.51,$124.87,$122.63
12/04/2020,$125.04,5048606,$124.35,$125.32,$123.85
12/03/2020,$123.12,4285438,$122.85,$123.95,$122.115
12/02/2020,$122.33,3271937,$119.28,$122.85,$118.90
12/01/2020,$119.93,3584437,$120.32,$122.57,$119.85
11/30/2020,$118.59,3517667,$120.03,$121.4848,$118.00
11/27/2020,$120.59,2447715,$120.53,$121.69,$119.79
11/25/2020,$120.58,4646612,$119.50,$120.98,$118.25
11/24/2020,$120.39,6169168,$119.00,$120.84,$117.89
11/23/2020,$116.09,3024092,$114.24,$116.78,$113.72
11/20/2020,$112.58,3702955,$113.74,$114.54,$111.90
11/19/2020,$114.14,3249828,$113.78,$114.80,$112.53
11/18/2020,$114.24,3264263,$116.94,$118.76,$114.19
11/17/2020,$116.48,4023241,$116.97,$117.79,$114.14
11/16/2020,$118.67,5339095,$119.10,$120.39,$116.75
11/13/2020,$114.99,4812925,$112.34,$115.635,$112.21
11/12/2020,$111.10,4942909,$109.82,$112.12,$109.5523
11/11/2020,$111.12,5642656,$115.93,$116.00,$110.302
11/10/2020,$115.95,7056799,$118.59,$119.89,$115.12
11/09/2020,$117.37,17261690,$110.54,$119.81,$110.19
11/06/2020,$96.69,3126557,$98.52,$98.64,$96.27
11/05/2020,$98.11,4197252,$97.21,$98.32,$96.84
11/04/2020,$96.40,4545528,$94.00,$97.82,$92.86
11/03/2020,$96.29,4004301,$94.75,$96.8481,$94.40
11/02/2020,$93.40,3573259,$92.96,$94.13,$92.27
10/30/2020,$91.24,4736471,$90.80,$91.32,$89.11
10/29/2020,$91.07,5419484,$91.41,$92.23,$90.13
10/28/2020,$91.60,7037765,$91.96,$93.57,$91.00
10/27/2020,$94.93,3780294,$97.62,$97.70,$94.90
10/26/2020,$96.88,5731514,$99.77,$100.10,$95.78
10/23/2020,$100.98,8921228,$100.63,$103.64,$100.00
10/22/2020,$104.79,3748804,$101.70,$104.86,$101.5701
10/21/2020,$101.43,2588393,$103.17,$103.385,$101.355
10/20/2020,$103.14,2955074,$102.94,$104.61,$102.83
10/19/2020,$102.47,3196787,$105.13,$105.22,$102.25
10/16/2020,$104.91,2394339,$104.65,$105.68,$104.20
10/15/2020,$104.43,2699337,$103.44,$104.89,$103.02
10/14/2020,$104.81,2826595,$105.38,$106.27,$104.76
10/13/2020,$105.01,2602606,$105.89,$106.59,$104.76
10/12/2020,$106.61,2626756,$106.46,$107.01,$106.00
10/09/2020,$106.34,3510785,$105.99,$107.21,$105.235
10/08/2020,$106.06,2922912,$104.33,$106.14,$104.06
10/07/2020,$103.38,3048720,$102.81,$104.1546,$102.39
10/06/2020,$101.76,3309168,$105.01,$105.29,$101.32
10/05/2020,$103.89,2863463,$103.33,$104.08,$102.27
10/02/2020,$101.61,3783618,$99.78,$103.14,$98.63
10/01/2020,$101.33,4179279,$100.33,$101.48,$99.37
09/30/2020,$100.25,5060944,$98.23,$101.52,$98.23
09/29/2020,$97.75,3200685,$98.74,$99.35,$97.23
09/28/2020,$98.82,3931088,$99.00,$99.725,$98.63
09/25/2020,$96.26,2775850,$94.68,$96.85,$94.46
09/24/2020,$95.45,4249018,$95.34,$96.8988,$93.71
09/23/2020,$95.56,9427242,$95.76,$97.10,$95.09
09/22/2020,$98.48,4884443,$98.01,$99.7847,$96.41
09/21/2020,$98.17,8340195,$100.60,$100.63,$96.215
09/18/2020,$103.44,6630252,$104.46,$106.12,$103.31
09/17/2020,$104.66,3215625,$104.27,$105.35,$103.3201
09/16/2020,$105.98,5799110,$106.73,$107.49,$104.69
09/15/2020,$106.68,3371640,$107.84,$108.12,$106.24
09/14/2020,$107.27,3620420,$104.65,$107.69,$104.22
09/11/2020,$103.36,2604824,$102.91,$103.85,$102.0105
09/10/2020,$102.77,3289041,$104.19,$105.11,$102.31
09/09/2020,$103.78,2474721,$104.57,$104.71,$102.69
09/08/2020,$103.67,4517032,$104.42,$105.08,$103.30
09/04/2020,$105.67,5235348,$106.35,$108.275,$104.48
09/03/2020,$104.46,6747861,$104.97,$109.03,$103.85
09/02/2020,$104.40,3536855,$102.58,$104.87,$102.29
09/01/2020,$102.47,3143403,$100.54,$102.78,$100.16
08/31/2020,$101.59,4665753,$102.90,$102.90,$101.36
08/28/2020,$102.54,4382870,$102.15,$102.90,$100.74
08/27/2020,$101.53,3992187,$98.76,$102.14,$98.53
08/26/2020,$98.40,2936486,$98.56,$99.14,$97.81
08/25/2020,$99.05,2946625,$100.62,$100.79,$98.0282
08/24/2020,$99.33,4141096,$96.68,$99.37,$96.39
08/21/2020,$96.15,2845431,$96.49,$97.65,$95.96
08/20/2020,$96.72,3102494,$95.74,$97.5755,$95.68
08/19/2020,$96.89,3079639,$96.82,$97.9148,$95.89
08/18/2020,$96.67,3337580,$98.19,$98.83,$96.47
08/17/2020,$97.55,7488517,$99.92,$100.00,$97.44
08/14/2020,$100.41,1956491,$99.66,$101.29,$99.27
08/13/2020,$100.42,3265769,$100.53,$101.83,$99.50
08/12/2020,$101.68,3408210,$104.76,$104.80,$100.68
08/11/2020,$103.26,4744256,$103.99,$105.70,$102.96
08/10/2020,$101.62,5254766,$99.49,$102.645,$99.26
08/07/2020,$99.16,4690730,$95.29,$99.30,$94.95
08/06/2020,$95.92,2698777,$95.18,$96.265,$94.48
08/05/2020,$95.39,2852335,$93.82,$95.58,$93.81
08/04/2020,$93.19,2415124,$93.49,$93.7966,$92.49
08/03/2020,$93.54,2869843,$93.31,$94.40,$92.44
07/31/2020,$93.32,4088793,$94.31,$94.45,$92.23
07/30/2020,$94.65,3856299,$94.68,$94.78,$92.50
07/29/2020,$96.69,2791954,$94.71,$96.75,$94.44
07/28/2020,$94.42,3567652,$95.76,$96.29,$94.18
07/27/2020,$95.79,3501828,$94.64,$95.98,$93.6401
07/24/2020,$95.33,4790446,$95.30,$97.15,$93.30
07/23/2020,$96.67,4239812,$95.51,$97.78,$95.51
07/22/2020,$96.54,4360503,$95.81,$97.41,$95.38
07/21/2020,$96.33,4227530,$95.25,$97.46,$94.73
07/20/2020,$94.00,3560385,$94.80,$95.36,$93.58
07/17/2020,$95.18,2873784,$96.35,$96.53,$95.01
07/16/2020,$96.32,2666018,$96.50,$97.79,$95.67
07/15/2020,$97.36,5405620,$96.66,$97.78,$96.39
07/14/2020,$94.84,4044377,$93.19,$95.22,$92.29
07/13/2020,$93.56,4819699,$94.24,$95.76,$92.78
07/10/2020,$93.23,4400854,$90.32,$93.305,$89.82
07/09/2020,$90.57,4484524,$92.51,$93.21,$89.58
07/08/2020,$92.90,6382098,$91.97,$93.095,$90.71
07/07/2020,$93.01,5564231,$95.44,$95.515,$92.63
07/06/2020,$96.58,4059607,$96.51,$97.90,$95.84
07/02/2020,$94.33,4239747,$96.77,$97.29,$93.85
07/01/2020,$94.05,3301022,$95.25,$96.96,$93.64
06/30/2020,$95.20,4367083,$94.16,$95.60,$93.5656
06/29/2020,$94.52,4962408,$94.44,$95.41,$93.34
06/26/2020,$93.42,10489370,$95.93,$96.30,$92.45
06/25/2020,$97.85,5195380,$94.61,$98.12,$93.76
06/24/2020,$95.48,5958264,$97.65,$98.27,$94.995
06/23/2020,$99.42,4364753,$100.94,$101.6475,$99.245
06/22/2020,$99.44,4799863,$98.00,$100.50,$97.95
06/19/2020,$100.94,7589463,$104.23,$104.23,$99.32
06/18/2020,$102.16,3645733,$102.14,$103.49,$101.27
06/17/2020,$103.96,4408202,$105.67,$106.12,$103.83
06/16/2020,$105.62,6710620,$109.02,$109.06,$102.855
06/15/2020,$103.95,6478926,$100.00,$104.74,$97.62
06/12/2020,$101.68,7251105,$103.21,$103.50,$98.08
06/11/2020,$98.60,8601195,$100.87,$102.99,$98.13
06/10/2020,$106.16,5747397,$110.00,$110.33,$105.96
06/09/2020,$110.46,5517423,$110.08,$111.798,$108.67
06/08/2020,$113.67,6795230,$111.91,$113.71,$110.64
06/05/2020,$109.73,10097630,$114.11,$115.93,$108.07
06/04/2020,$106.54,5841610,$103.47,$107.43,$103.23
06/03/2020,$105.40,7301045,$102.78,$105.87,$101.6313
06/02/2020,$99.07,5433811,$98.60,$100.49,$98.17
06/01/2020,$96.75,4272832,$95.56,$98.07,$94.56
05/29/2020,$95.07,7711888,$95.50,$97.11,$94.66
05/28/2020,$98.06,9271708,$101.54,$102.46,$98.01
05/27/2020,$101.23,11007670,$100.00,$101.69,$96.80
05/26/2020,$94.32,6559362,$93.94,$95.57,$92.89
05/22/2020,$89.33,3734517,$89.71,$89.945,$88.209
05/21/2020,$89.83,6241894,$90.11,$91.43,$89.1246
05/20/2020,$90.73,5218515,$89.18,$91.34,$88.77
05/19/2020,$87.26,4920630,$88.42,$89.84,$86.6101
05/18/2020,$88.41,7787399,$86.72,$89.00,$85.92
05/15/2020,$82.22,6618627,$82.47,$83.39,$81.225
05/14/2020,$83.81,10625120,$76.92,$83.90,$76.00
05/13/2020,$78.03,10681600,$82.00,$82.13,$77.40
05/12/2020,$83.14,5504857,$86.10,$87.26,$83.10
05/11/2020,$85.33,5917627,$87.50,$87.65,$85.30
05/08/2020,$89.50,3917177,$88.50,$89.66,$87.545
05/07/2020,$86.73,4629415,$85.30,$87.37,$84.93
05/06/2020,$84.00,4723373,$87.49,$87.76,$83.86
05/05/2020,$86.74,4410262,$88.00,$88.73,$86.36
05/04/2020,$86.38,4875440,$86.09,$87.37,$85.02
05/01/2020,$88.32,4620175,$88.10,$89.07,$87.16
04/30/2020,$91.25,6553674,$93.75,$94.31,$91.17
04/29/2020,$96.12,9396537,$91.75,$96.39,$90.89
04/28/2020,$88.19,7165866,$87.56,$88.96,$86.21
04/27/2020,$85.06,7785036,$83.47,$85.15,$82.34
04/24/2020,$83.17,9126723,$84.13,$84.78,$81.31
04/23/2020,$82.46,5807217,$83.24,$84.78,$81.71
04/22/2020,$82.54,5133476,$83.60,$83.655,$81.97
04/21/2020,$81.52,7360284,$80.73,$82.455,$79.47
04/20/2020,$84.01,6140419,$84.59,$85.27,$82.69
04/17/2020,$87.39,8268973,$85.32,$87.39,$84.28
04/16/2020,$81.35,7526616,$83.79,$83.94,$80.335
04/15/2020,$83.79,10415570,$83.43,$85.40,$80.68
04/14/2020,$88.39,8703213,$91.46,$92.50,$85.91
04/13/2020,$90.33,5037661,$93.29,$93.42,$87.9429
04/09/2020,$94.82,6904961,$94.59,$97.85,$93.46
04/08/2020,$92.08,6122757,$89.21,$93.00,$88.1218
04/07/2020,$87.58,8693228,$91.43,$93.30,$87.42
04/06/2020,$83.87,11253030,$80.22,$84.25,$78.74
04/03/2020,$73.60,10023090,$76.00,$76.66,$72.61
04/02/2020,$76.66,8338115,$77.06,$79.12,$75.83
04/01/2020,$77.84,8313414,$80.65,$81.31,$77.00
03/31/2020,$85.61,6076864,$89.94,$90.90,$85.07
03/30/2020,$90.27,5564975,$88.51,$91.39,$85.27
03/27/2020,$88.73,7000135,$87.94,$91.97,$85.82
03/26/2020,$93.29,9461911,$92.24,$99.69,$90.84
03/25/2020,$90.17,11046490,$87.61,$96.46,$85.32
03/24/2020,$84.05,10593890,$73.51,$84.77,$71.70
03/23/2020,$68.96,8907637,$72.82,$75.4163,$68.12
03/20/2020,$74.12,12208560,$78.98,$82.44,$72.56
03/19/2020,$77.07,12330400,$72.54,$77.89,$69.79
03/18/2020,$73.75,14359270,$80.02,$81.52,$67.00
03/17/2020,$86.58,10512210,$87.61,$88.94,$83.22
03/16/2020,$85.87,15072430,$82.44,$93.18,$80.37
03/13/2020,$99.60,12680440,$90.38,$100.08,$84.30
03/12/2020,$83.53,12206640,$87.66,$89.61,$81.81
03/11/2020,$95.38,8823339,$100.30,$100.96,$93.87
03/10/2020,$103.30,9793181,$101.93,$103.365,$97.45
03/09/2020,$98.29,12266270,$100.87,$101.44,$96.935
03/06/2020,$108.24,9897802,$105.73,$108.77,$103.79
03/05/2020,$110.94,12060580,$111.62,$112.585,$109.70
03/04/2020,$115.70,7470920,$110.25,$115.79,$109.25
03/03/2020,$108.01,9285025,$115.02,$116.40,$107.00
03/02/2020,$113.87,9851607,$111.11,$113.99,$108.59
02/28/2020,$109.93,11363610,$109.05,$111.03,$107.0005
02/27/2020,$112.81,8279823,$115.90,$117.48,$112.78
02/26/2020,$118.50,5269710,$121.27,$122.43,$118.47
02/25/2020,$120.90,7628112,$127.71,$127.99,$119.9115
02/24/2020,$128.19,6329285,$129.43,$130.96,$127.23
02/21/2020,$134.90,3106406,$136.20,$136.27,$133.89
02/20/2020,$136.58,2541728,$136.41,$138.04,$134.90
02/19/2020,$136.93,1785417,$136.30,$137.42,$136.12
02/18/2020,$135.60,2428250,$135.87,$136.75,$134.94
02/14/2020,$135.87,2360549,$134.71,$136.37,$134.53
02/13/2020,$134.46,3178514,$133.15,$134.67,$133.06
02/12/2020,$133.24,1715434,$133.39,$133.7199,$132.53
02/11/2020,$132.63,1733538,$133.03,$133.65,$132.32
02/10/2020,$132.24,1816474,$131.61,$132.4999,$131.35
02/07/2020,$131.82,2885550,$132.57,$132.75,$131.34
02/06/2020,$133.25,1708611,$134.16,$134.35,$133.11
02/05/2020,$133.60,4084480,$133.43,$133.80,$131.29
02/04/2020,$131.85,2547518,$132.88,$133.34,$131.72
02/03/2020,$131.00,2721912,$130.55,$132.22,$130.45
01/31/2020,$129.87,3522773,$132.17,$132.2526,$129.38
01/30/2020,$133.22,2428584,$130.75,$133.33,$130.44
01/29/2020,$131.68,2518612,$132.48,$133.13,$131.44
01/28/2020,$132.45,3713052,$132.00,$133.87,$131.1377
01/27/2020,$130.64,6432363,$131.15,$131.98,$128.87
01/24/2020,$135.11,8612529,$136.36,$138.13,$133.85
01/23/2020,$131.37,3840990,$131.26,$131.57,$130.1413
01/22/2020,$131.49,2484078,$130.93,$132.27,$130.93
01/21/2020,$130.53,3102769,$131.11,$131.82,$130.39
01/17/2020,$131.52,3659734,$131.45,$131.86,$130.79
01/16/2020,$130.55,2424850,$130.50,$130.925,$129.71
01/15/2020,$129.82,3187196,$128.69,$129.84,$128.45
01/14/2020,$128.80,3836948,$128.62,$130.09,$128.34
01/13/2020,$128.54,3285752,$127.84,$128.95,$127.6306
01/10/2020,$127.28,2790286,$127.58,$128.17,$126.92
01/09/2020,$127.81,2788834,$126.49,$127.88,$126.3903
01/08/2020,$125.54,3460175,$124.05,$126.36,$123.80
01/07/2020,$123.41,2045027,$123.47,$124.40,$123.36
01/06/2020,$124.06,2855280,$123.37,$124.16,$123.1204
01/03/2020,$124.60,2090689,$124.32,$125.10,$123.94
01/02/2020,$125.85,2707979,$124.66,$126.27,$124.23
12/31/2019,$124.49,2340392,$124.29,$124.574,$123.78
12/30/2019,$124.30,2306455,$125.20,$125.46,$124.18
12/27/2019,$125.19,1788623,$125.84,$125.97,$125.11
12/26/2019,$125.41,1487824,$124.98,$125.437,$124.53
12/24/2019,$124.74,953540,$124.95,$125.33,$124.38
12/23/2019,$124.49,3031584,$125.74,$125.74,$123.70
12/20/2019,$125.77,5828698,$125.86,$126.275,$124.83
12/19/2019,$124.83,2543560,$124.18,$124.895,$123.88
12/18/2019,$124.26,3154151,$125.03,$125.07,$124.08
12/17/2019,$124.95,4325383,$123.99,$125.40,$123.2505
12/16/2019,$123.68,3416088,$125.65,$126.33,$123.342
12/13/2019,$124.72,3919223,$122.47,$124.99,$122.08
12/12/2019,$122.64,2936293,$120.60,$123.07,$120.05
12/11/2019,$120.64,2015312,$120.88,$121.38,$120.10
12/10/2019,$120.90,2518152,$120.45,$121.47,$120.03
12/09/2019,$120.46,2900194,$120.44,$121.53,$120.11
12/06/2019,$120.61,3287600,$120.21,$121.44,$119.91
12/05/2019,$118.28,3128325,$117.91,$118.43,$117.59
12/04/2019,$117.94,2444142,$117.31,$118.54,$117.00
12/03/2019,$116.57,3845210,$116.04,$116.75,$114.645
12/02/2019,$117.26,5538445,$120.31,$120.355,$117.07
11/29/2019,$120.12,1961463,$120.07,$120.89,$119.78
11/27/2019,$120.33,2629692,$120.00,$120.36,$119.35
11/26/2019,$119.79,4596978,$120.91,$121.04,$119.60
11/25/2019,$120.60,2285536,$119.14,$120.60,$119.14
11/22/2019,$119.06,1629686,$119.21,$119.29,$118.41
11/21/2019,$118.80,2783811,$119.29,$119.47,$118.4909
11/20/2019,$119.30,2544145,$119.83,$120.23,$118.93
11/19/2019,$120.00,1891059,$120.01,$120.45,$119.86
11/18/2019,$119.66,2617896,$120.56,$120.85,$119.40
11/15/2019,$120.76,2341456,$120.98,$121.33,$120.39
11/14/2019,$120.93,1990731,$120.00,$120.98,$119.80
11/13/2019,$120.26,1839122,$120.27,$120.965,$120.13
11/12/2019,$120.89,2012437,$120.87,$121.225,$120.41
11/11/2019,$120.90,1704102,$120.76,$121.81,$120.51
11/08/2019,$121.47,1984615,$121.01,$121.81,$120.89
11/07/2019,$121.28,2845276,$120.27,$122.43,$120.10
11/06/2019,$119.69,2420675,$118.89,$119.72,$118.89
11/05/2019,$118.77,2630046,$119.84,$119.96,$117.7567
11/04/2019,$119.62,1956428,$119.62,$120.50,$119.01
11/01/2019,$119.14,2036603,$118.41,$119.45,$118.17
10/31/2019,$117.28,2507443,$117.79,$118.21,$116.89
10/30/2019,$118.07,2264361,$117.44,$118.17,$116.86
10/29/2019,$117.42,2756309,$118.09,$118.8342,$117.075
10/28/2019,$118.58,2552660,$118.64,$119.30,$118.07
10/25/2019,$118.26,2324965,$116.36,$118.51,$116.27
10/24/2019,$116.41,2621355,$116.44,$116.90,$116.14
10/23/2019,$116.49,3937790,$118.42,$119.23,$115.51
10/22/2019,$118.61,3917049,$118.67,$119.3498,$118.29
10/21/2019,$119.05,4320516,$117.55,$119.38,$117.49
10/18/2019,$116.76,6195550,$119.73,$119.98,$116.67
10/17/2019,$119.10,3030095,$118.01,$119.33,$117.9581
10/16/2019,$117.41,2147262,$117.63,$117.99,$117.07
10/15/2019,$117.59,3072022,$117.03,$118.1867,$116.73
10/14/2019,$116.39,1882325,$116.14,$117.00,$115.94
10/11/2019,$116.40,2875926,$116.74,$117.57,$116.185
10/10/2019,$115.02,2399563,$114.81,$115.785,$113.93
10/09/2019,$113.92,2385943,$113.25,$114.77,$113.23
10/08/2019,$112.54,3803596,$112.83,$113.65,$112.05
10/07/2019,$113.65,2585434,$113.91,$114.65,$113.60
10/04/2019,$114.41,2753195,$112.66,$114.53,$112.60
10/03/2019,$112.55,3549232,$112.20,$112.955,$111.06
10/02/2019,$112.86,4931560,$115.76,$115.81,$112.75
10/01/2019,$116.70,2857528,$118.70,$119.50,$116.61
09/30/2019,$118.28,2353731,$119.05,$119.24,$118.14
09/27/2019,$118.59,2910998,$119.13,$119.62,$117.98
09/26/2019,$118.91,3460103,$119.31,$120.025,$118.84
09/25/2019,$119.12,2762394,$117.86,$119.44,$117.06
09/24/2019,$118.17,5130055,$118.89,$120.20,$117.52
09/23/2019,$118.24,5203692,$116.36,$118.4223,$116.10
09/20/2019,$116.80,5342370,$117.83,$118.24,$116.37
09/19/2019,$117.79,1994179,$118.61,$119.52,$117.60
09/18/2019,$118.74,2886889,$118.59,$118.80,$117.47
09/17/2019,$119.05,3075905,$117.90,$119.13,$117.50
09/16/2019,$117.64,4280612,$118.14,$118.44,$116.68
09/13/2019,$119.20,3941062,$119.24,$119.97,$118.29
09/12/2019,$119.02,3733544,$119.00,$120.43,$118.78
09/11/2019,$118.00,3674376,$117.12,$118.10,$116.75
09/10/2019,$117.31,6196207,$119.60,$119.605,$116.30
09/09/2019,$119.92,5335959,$121.21,$121.41,$119.52
09/06/2019,$120.19,4552386,$121.14,$121.19,$120.00
09/05/2019,$120.67,5261104,$119.50,$121.63,$119.50
09/04/2019,$118.40,3760809,$118.42,$118.73,$117.80
09/03/2019,$117.60,3199006,$119.86,$120.28,$117.52
08/30/2019,$120.37,2366225,$121.47,$121.66,$119.8201
08/29/2019,$120.74,1901399,$120.46,$121.20,$119.96
08/28/2019,$119.09,2333369,$117.03,$119.31,$116.97
08/27/2019,$117.75,3145879,$119.09,$119.34,$116.85
08/26/2019,$118.53,3170604,$118.33,$118.94,$117.38
08/23/2019,$117.76,4800393,$122.00,$122.045,$117.06
08/22/2019,$122.27,2322069,$123.31,$123.71,$121.77
08/21/2019,$122.50,2948352,$122.50,$123.06,$121.99
08/20/2019,$121.42,3641626,$123.63,$123.78,$121.34
08/19/2019,$124.40,3286669,$126.10,$126.15,$124.34
08/16/2019,$124.63,2343388,$123.50,$124.75,$122.69
08/15/2019,$122.38,3031700,$122.65,$123.00,$121.135
08/14/2019,$122.65,5626284,$124.35,$125.33,$122.13
08/13/2019,$126.32,3212793,$123.86,$126.50,$122.51
08/12/2019,$123.95,2919433,$124.99,$125.71,$123.80
08/09/2019,$126.17,2138298,$125.58,$126.74,$124.72
08/08/2019,$125.29,2976276,$123.85,$125.70,$123.70
08/07/2019,$123.54,3170849,$120.92,$123.85,$120.22
08/06/2019,$122.55,3496991,$121.06,$122.85,$120.87
08/05/2019,$120.72,5876152,$122.46,$123.08,$120.155
08/02/2019,$124.31,3268755,$123.92,$124.91,$123.08
08/01/2019,$124.09,4489832,$123.77,$126.13,$123.52
07/31/2019,$124.37,3221035,$126.53,$126.59,$123.62
07/30/2019,$126.47,1576298,$126.57,$126.91,$126.30
07/29/2019,$127.19,1829545,$126.91,$127.46,$126.54
07/26/2019,$126.78,4236171,$127.09,$127.56,$126.30
07/25/2019,$127.15,2663546,$127.81,$128.19,$126.50
07/24/2019,$127.95,3628458,$127.71,$128.22,$126.79
07/23/2019,$128.20,4055218,$126.38,$128.98,$126.36
07/22/2019,$126.00,4839766,$124.75,$126.01,$124.70
07/19/2019,$124.82,7819016,$126.80,$128.00,$123.80
07/18/2019,$128.40,3528386,$126.69,$129.09,$126.66
07/17/2019,$127.08,2248861,$128.02,$128.64,$127.01
07/16/2019,$128.06,2733988,$129.22,$129.34,$127.80
07/15/2019,$128.57,2355882,$128.25,$128.68,$127.76
07/12/2019,$127.96,1639404,$127.55,$128.00,$126.87
07/11/2019,$127.28,2928113,$126.98,$127.69,$126.44
07/10/2019,$126.89,2733830,$126.70,$128.42,$126.70
07/09/2019,$125.90,2237336,$124.27,$126.04,$124.18
07/08/2019,$124.85,3332421,$124.99,$125.23,$124.64
07/05/2019,$125.40,3731538,$126.13,$126.19,$124.31
07/03/2019,$125.86,3714345,$125.21,$126.05,$124.94
07/02/2019,$125.10,4076710,$124.78,$125.33,$124.60
07/01/2019,$124.92,4023485,$125.30,$126.40,$124.55
06/28/2019,$123.44,4338925,$124.29,$124.545,$123.20
06/27/2019,$123.94,1504592,$123.69,$124.41,$123.56
06/26/2019,$123.59,1902539,$123.18,$124.00,$123.03
06/25/2019,$123.16,2387772,$124.27,$124.57,$123.04
06/24/2019,$124.14,2681287,$124.98,$125.42,$124.01
06/21/2019,$124.73,5703796,$125.20,$126.31,$124.56
06/20/2019,$124.92,3303227,$125.69,$126.40,$124.47
06/19/2019,$124.68,2952141,$124.24,$124.92,$123.68
06/18/2019,$123.43,2729179,$122.81,$125.05,$122.21
06/17/2019,$121.45,2094243,$122.24,$122.24,$121.30
06/14/2019,$122.00,2484161,$122.01,$122.61,$120.94
06/13/2019,$121.86,2343851,$122.09,$122.70,$121.42
06/12/2019,$122.03,2685748,$122.92,$123.19,$121.59
06/11/2019,$123.23,3303845,$123.55,$124.74,$123.08
06/10/2019,$122.66,3453735,$121.60,$123.445,$121.41
06/07/2019,$121.11,2481787,$119.87,$121.36,$119.56
06/06/2019,$119.43,2209284,$118.42,$119.64,$118.15
06/05/2019,$118.12,2568240,$117.18,$118.24,$117.01
06/04/2019,$116.85,3043212,$115.71,$117.00,$115.23
06/03/2019,$114.62,2968541,$114.56,$115.93,$113.8944
05/31/2019,$114.71,2969059,$115.77,$115.98,$114.56
05/30/2019,$116.74,1882652,$117.21,$117.31,$116.105
05/29/2019,$117.01,2554183,$117.71,$117.81,$116.04
05/28/2019,$118.17,2550345,$119.36,$120.12,$118.17
05/24/2019,$119.51,2240143,$119.21,$119.63,$118.3258
05/23/2019,$118.43,3290185,$119.27,$119.40,$117.85
05/22/2019,$120.01,2941084,$120.36,$120.88,$119.44
05/21/2019,$120.55,3369152,$120.47,$120.675,$119.34
05/20/2019,$119.84,2765625,$118.83,$120.32,$118.62
05/17/2019,$119.07,5273665,$118.60,$119.59,$118.51
05/16/2019,$119.84,4143559,$117.77,$120.345,$117.77
05/15/2019,$117.66,2711360,$116.18,$118.23,$115.90
05/14/2019,$117.01,2460661,$115.98,$117.73,$115.77
05/13/2019,$115.90,3710632,$116.42,$116.89,$115.62
05/10/2019,$118.46,2435169,$116.86,$118.93,$116.21
05/09/2019,$117.26,3219563,$116.15,$117.29,$115.38
05/08/2019,$117.49,4037548,$117.83,$118.11,$116.82
05/07/2019,$118.22,6282263,$118.37,$119.41,$117.65
05/06/2019,$119.34,2924463,$117.26,$119.61,$117.05
05/03/2019,$119.35,2856165,$117.91,$119.655,$117.63
05/02/2019,$117.25,2538724,$117.00,$117.65,$116.68
05/01/2019,$117.02,2450842,$117.47,$117.99,$116.93
04/30/2019,$117.23,2335606,$117.05,$117.35,$116.10
04/29/2019,$116.76,3070426,$117.24,$117.70,$116.545
04/26/2019,$117.60,2953610,$116.59,$117.73,$116.10
04/25/2019,$115.88,4521049,$115.23,$116.50,$114.75
04/24/2019,$114.02,2315120,$113.76,$114.36,$113.42
04/23/2019,$113.97,3342750,$112.19,$114.04,$111.90
04/22/2019,$112.33,3174362,$112.60,$113.40,$112.23
04/18/2019,$113.67,6183871,$112.25,$114.14,$111.32
04/17/2019,$111.76,3790252,$112.31,$112.50,$111.25
04/16/2019,$111.88,2522369,$111.09,$112.03,$110.94
04/15/2019,$110.53,2284971,$110.92,$110.97,$110.25
04/12/2019,$110.91,2315254,$110.82,$111.55,$110.45
04/11/2019,$109.85,2320595,$110.51,$110.83,$109.42
04/10/2019,$110.16,2588396,$110.48,$110.48,$109.52
04/09/2019,$109.85,2869279,$110.01,$110.31,$109.49
04/08/2019,$110.70,4776570,$110.62,$110.85,$109.915
04/05/2019,$110.96,4552118,$110.48,$111.21,$110.44
04/04/2019,$110.12,3619471,$110.33,$110.49,$109.50
04/03/2019,$110.56,3719702,$111.82,$112.00,$110.345
04/02/2019,$111.00,3518320,$111.21,$111.46,$110.37
04/01/2019,$111.70,4982843,$110.29,$112.04,$110.08
03/29/2019,$109.30,4891040,$110.20,$110.385,$109.14
03/28/2019,$109.16,2681167,$109.42,$109.88,$108.49
03/27/2019,$108.98,3342948,$109.68,$110.00,$108.33
03/26/2019,$109.50,2844478,$109.99,$110.40,$109.05
03/25/2019,$109.04,3596230,$109.28,$110.07,$108.19
03/22/2019,$109.46,3720866,$111.29,$111.32,$108.9883
03/21/2019,$111.82,3084295,$109.96,$112.18,$109.81
03/20/2019,$110.77,3309303,$112.26,$112.46,$110.60
03/19/2019,$112.67,3283473,$114.22,$114.22,$112.36
03/18/2019,$113.55,2917969,$113.75,$114.25,$113.16
03/15/2019,$113.52,4776733,$112.71,$113.77,$112.53
03/14/2019,$112.35,3538236,$112.39,$112.78,$111.88
03/13/2019,$112.14,4229160,$110.18,$112.26,$110.09
03/12/2019,$110.43,3917505,$109.74,$111.275,$109.74
03/11/2019,$109.56,3285793,$109.01,$109.79,$108.71
03/08/2019,$107.98,2077106,$106.79,$108.07,$106.68
03/07/2019,$107.86,3048239,$108.56,$108.63,$107.40
03/06/2019,$108.98,2614039,$108.93,$109.45,$108.85
03/05/2019,$108.85,2658668,$109.03,$109.315,$108.32
03/04/2019,$109.00,4053186,$109.56,$110.09,$107.76
03/01/2019,$108.90,2679143,$108.40,$109.65,$108.20
02/28/2019,$107.74,3295799,$107.22,$108.4457,$107.08
02/27/2019,$107.42,2393448,$106.86,$107.625,$106.60
02/26/2019,$106.94,2548073,$106.67,$107.62,$106.42
02/25/2019,$106.93,3333497,$108.20,$108.8474,$106.76
02/22/2019,$107.44,2256445,$106.98,$107.55,$106.86
02/21/2019,$106.61,2542360,$106.74,$106.95,$106.32
02/20/2019,$106.78,3840756,$106.57,$107.179,$106.50
02/19/2019,$106.50,3692762,$107.05,$107.23,$106.46
02/15/2019,$107.38,3882256,$107.33,$108.09,$107.12
02/14/2019,$106.62,2385903,$107.00,$107.36,$106.24
02/13/2019,$107.56,3180471,$107.55,$108.47,$107.10
02/12/2019,$107.00,3238636,$106.27,$107.43,$106.26
02/11/2019,$105.41,2653833,$104.95,$105.56,$104.81
02/08/2019,$104.52,2580790,$103.73,$104.52,$103.43
02/07/2019,$104.39,3855040,$104.057,$104.78,$103.61
02/06/2019,$104.96,3595667,$103.85,$105.08,$103.43
02/05/2019,$103.90,2231188,$103.63,$104.175,$103.41
02/04/2019,$103.42,2564298,$103.04,$103.46,$102.52
02/01/2019,$103.06,4727795,$102.41,$103.53,$102.41
01/31/2019,$102.70,4297101,$102.00,$102.90,$101.70
01/30/2019,$102.67,3501447,$101.09,$102.85,$100.54
01/29/2019,$100.96,2826289,$100.94,$101.42,$100.54
01/28/2019,$100.38,3167005,$100.05,$100.41,$99.48
01/25/2019,$100.77,3486272,$100.43,$101.59,$100.09
01/24/2019,$99.72,3415856,$99.69,$100.54,$99.38
01/23/2019,$99.71,3585120,$99.93,$100.19,$98.46
01/22/2019,$99.83,4565147,$99.85,$100.68,$98.96
01/18/2019,$100.48,9865158,$98.19,$100.81,$96.37
01/17/2019,$99.49,5660314,$99.41,$100.24,$98.565
01/16/2019,$99.41,4688227,$98.94,$99.96,$98.514
01/15/2019,$97.99,5763302,$98.61,$98.87,$97.74
01/14/2019,$98.44,4047357,$97.76,$99.03,$97.62
01/11/2019,$98.55,2770429,$97.88,$98.68,$97.36
01/10/2019,$98.26,3522202,$98.45,$98.67,$97.82
01/09/2019,$98.83,2954542,$98.74,$99.59,$98.15
01/08/2019,$98.65,3092471,$98.69,$99.52,$97.52
01/07/2019,$98.17,3220776,$97.77,$98.92,$97.02
01/04/2019,$97.64,4637230,$95.37,$98.35,$94.90
01/03/2019,$93.43,4773518,$94.79,$95.18,$93.23
01/02/2019,$95.68,4136592,$93.91,$96.27,$93.77
12/31/2018,$95.32,2821021,$95.13,$95.61,$94.30
12/28/2018,$94.42,3225033,$95.40,$95.65,$93.95
12/27/2018,$94.68,4217215,$92.36,$94.68,$91.26
12/26/2018,$93.84,5351979,$89.85,$93.89,$89.05
12/24/2018,$89.50,3190855,$90.74,$91.55,$89.50
12/21/2018,$91.33,11005320,$95.20,$96.63,$91.15
12/20/2018,$95.77,7110453,$97.91,$98.87,$95.26
12/19/2018,$98.77,6195163,$99.76,$102.00,$98.20
12/18/2018,$101.02,5218021,$101.98,$102.57,$100.47
12/17/2018,$101.18,7332550,$105.46,$105.46,$100.78
12/14/2018,$105.70,5245398,$105.77,$106.45,$104.93
12/13/2018,$106.70,3542572,$107.77,$108.36,$106.33
12/12/2018,$107.48,4183755,$107.27,$108.73,$106.50
12/11/2018,$105.40,3132235,$107.39,$108.01,$104.51
12/10/2018,$105.79,4109983,$105.94,$106.715,$103.50
12/07/2018,$106.68,4419402,$108.20,$109.62,$105.76
12/06/2018,$108.25,7450498,$105.64,$108.39,$104.78
12/04/2018,$107.64,5159589,$111.86,$112.16,$107.5401
12/03/2018,$112.36,3399433,$113.99,$114.55,$112.00
11/30/2018,$112.27,3949252,$110.37,$112.45,$110.37
11/29/2018,$111.31,4249466,$112.00,$112.2638,$110.475
11/28/2018,$112.89,3995223,$110.33,$113.18,$110.33
11/27/2018,$110.11,2837830,$109.50,$110.36,$108.73
11/26/2018,$109.68,4481829,$107.15,$109.73,$106.83
11/23/2018,$105.74,938815,$105.88,$106.45,$105.31
11/21/2018,$106.50,2790977,$106.37,$107.67,$106.13
11/20/2018,$106.09,3778956,$107.55,$107.90,$105.46
11/19/2018,$108.25,3158806,$109.90,$110.015,$107.42
11/16/2018,$109.46,3486223,$108.58,$110.38,$108.58
11/15/2018,$109.60,3742564,$106.68,$109.695,$106.34
11/14/2018,$107.77,4971566,$108.61,$109.33,$106.89
11/13/2018,$107.86,3021772,$106.65,$108.20,$106.47
11/12/2018,$106.49,3154576,$108.16,$108.44,$106.30
11/09/2018,$108.28,4443980,$108.38,$109.33,$107.35
11/08/2018,$108.50,2896743,$107.03,$108.63,$107.03
11/07/2018,$107.31,3606883,$105.73,$107.4799,$104.895
11/06/2018,$104.98,2855998,$104.98,$105.66,$104.37
11/05/2018,$105.21,2697676,$104.04,$105.40,$103.80
11/02/2018,$103.71,4322223,$104.93,$105.05,$102.8862
11/01/2018,$104.04,2785884,$103.26,$104.27,$103.02
10/31/2018,$102.73,4509893,$103.06,$103.705,$102.55
10/30/2018,$102.08,3778177,$101.60,$102.39,$100.41
10/29/2018,$101.19,4238251,$102.47,$103.25,$100.04
10/26/2018,$101.25,5390599,$102.54,$102.66,$100.14
10/25/2018,$103.60,3378640,$102.48,$104.17,$101.80
10/24/2018,$101.84,4056703,$104.43,$104.95,$101.51
10/23/2018,$104.38,4223633,$102.41,$104.5195,$101.84
10/22/2018,$104.51,5003055,$106.61,$106.96,$104.45
10/19/2018,$106.73,5726301,$104.06,$107.55,$104.06
10/18/2018,$102.84,4509699,$104.53,$104.759,$102.29
10/17/2018,$104.34,3789195,$104.33,$105.29,$103.92
10/16/2018,$104.27,3120496,$103.07,$104.47,$102.69
10/15/2018,$102.62,2780949,$102.85,$103.5599,$102.21
10/12/2018,$103.00,4852792,$104.31,$104.92,$101.71
10/11/2018,$101.58,6067772,$103.22,$104.34,$101.55
10/10/2018,$103.57,4535246,$106.96,$107.01,$103.5226
10/09/2018,$106.66,2604183,$106.30,$106.93,$105.935
10/08/2018,$106.99,2716065,$106.63,$107.23,$105.57
10/05/2018,$107.23,2399808,$108.06,$108.47,$106.72
10/04/2018,$107.74,2478723,$108.25,$108.85,$106.81
10/03/2018,$108.45,2505064,$109.25,$109.40,$108.25
10/02/2018,$108.39,2223078,$108.01,$108.47,$107.31
10/01/2018,$107.90,3361319,$107.81,$108.99,$107.61
09/28/2018,$106.49,3931470,$107.27,$107.87,$106.28
09/27/2018,$107.85,2121705,$108.01,$108.35,$107.34
09/26/2018,$108.01,2943601,$110.08,$110.11,$107.80
09/25/2018,$109.87,1910563,$110.24,$110.24,$109.38
09/24/2018,$109.85,1871568,$110.74,$110.835,$109.35
09/21/2018,$110.90,5657531,$111.29,$111.51,$110.76
09/20/2018,$111.11,2844755,$110.85,$111.77,$110.65
09/19/2018,$110.10,2365735,$110.00,$110.46,$109.73
09/18/2018,$109.64,2173159,$109.44,$109.87,$108.965
09/17/2018,$109.20,2383108,$110.21,$110.24,$108.941
09/14/2018,$109.56,2977624,$108.84,$110.01,$108.84
09/13/2018,$108.66,3417624,$108.20,$109.19,$107.93
09/12/2018,$107.88,4100593,$108.31,$108.685,$107.66
09/11/2018,$108.31,2795761,$106.71,$108.465,$106.47
09/10/2018,$107.29,3310255,$106.56,$107.80,$106.56
09/07/2018,$106.08,2498391,$105.64,$106.345,$105.35
09/06/2018,$105.40,3623884,$105.50,$105.87,$104.55
09/05/2018,$105.68,5511779,$107.00,$107.25,$104.88
09/04/2018,$107.01,2941829,$106.35,$107.27,$105.58
08/31/2018,$105.98,2115465,$105.52,$106.40,$105.30
08/30/2018,$106.23,1868325,$106.60,$106.67,$105.97
08/29/2018,$106.71,1896159,$107.04,$107.31,$105.885
08/28/2018,$107.28,2275033,$107.06,$107.43,$106.6784
08/27/2018,$107.05,1945203,$106.79,$107.33,$106.28
08/24/2018,$105.76,1843975,$105.91,$106.34,$105.45
08/23/2018,$105.37,1866769,$105.54,$106.0165,$105.16
08/22/2018,$105.83,2761301,$104.90,$106.26,$104.51
08/21/2018,$104.81,3213792,$103.92,$105.25,$103.76
08/20/2018,$103.83,2264121,$103.02,$103.965,$102.931
08/17/2018,$103.03,1950759,$102.63,$103.31,$102.06
08/16/2018,$102.65,2290356,$101.90,$103.14,$101.865
08/15/2018,$101.51,2219592,$101.57,$101.93,$100.84
08/14/2018,$102.18,2327069,$101.93,$102.60,$101.83
08/13/2018,$101.81,3389232,$101.48,$102.30,$101.40
08/10/2018,$101.58,2473161,$102.09,$102.20,$101.17
08/09/2018,$102.99,2434972,$102.44,$103.32,$102.28
08/08/2018,$102.78,2228875,$102.00,$102.95,$101.81
08/07/2018,$101.97,1852802,$101.49,$102.75,$101.37
08/06/2018,$100.92,2004583,$100.77,$101.32,$100.40
08/03/2018,$100.79,1830396,$99.96,$100.90,$99.70
08/02/2018,$99.73,2481594,$98.90,$99.925,$98.67
08/01/2018,$99.45,3315376,$99.90,$100.93,$99.17
07/31/2018,$99.52,4329852,$101.05,$101.20,$99.44
07/30/2018,$100.85,4420103,$102.73,$103.11,$100.35
07/27/2018,$103.85,3807242,$102.87,$104.24,$102.67
07/26/2018,$102.50,2743986,$102.84,$103.15,$102.355
07/25/2018,$102.63,2548576,$101.23,$102.78,$101.08
07/24/2018,$101.71,3152969,$101.46,$102.09,$101.17
07/23/2018,$101.22,2616686,$100.15,$101.4008,$100.01
07/20/2018,$100.15,3324791,$100.13,$101.30,$99.98
07/19/2018,$100.17,7168008,$100.20,$101.37,$99.28
07/18/2018,$102.98,5893410,$101.55,$103.07,$101.42
07/17/2018,$101.15,3090268,$100.78,$101.46,$100.65
07/16/2018,$100.69,3264682,$100.60,$100.875,$100.07
07/13/2018,$100.50,3456479,$101.08,$101.15,$99.62
07/12/2018,$101.15,3687614,$101.03,$101.33,$100.60
07/11/2018,$100.30,3461913,$99.66,$100.80,$99.66
07/10/2018,$99.91,4672447,$99.91,$100.47,$99.5678
07/09/2018,$99.91,4983907,$99.26,$100.01,$99.08
07/06/2018,$98.52,1993546,$98.46,$99.03,$98.20
07/05/2018,$98.53,2377182,$98.35,$98.63,$97.63
07/03/2018,$97.84,2041182,$99.31,$99.31,$97.72
07/02/2018,$99.00,3143298,$97.40,$99.04,$97.16
06/29/2018,$98.00,4698521,$98.13,$99.48,$97.65
06/28/2018,$96.97,3141896,$97.01,$97.45,$96.57
06/27/2018,$96.96,3693718,$98.43,$99.41,$96.93
06/26/2018,$98.21,5166067,$99.50,$99.83,$98.065
06/25/2018,$98.54,7994124,$97.05,$100.0978,$95.65
06/22/2018,$97.23,9050934,$97.35,$97.96,$97.07
06/21/2018,$96.63,3346887,$96.16,$96.96,$95.76
06/20/2018,$96.42,4477242,$97.70,$97.89,$96.3575
06/19/2018,$97.14,3115430,$97.14,$97.93,$96.62
06/18/2018,$98.47,3621178,$97.85,$98.55,$97.31
06/15/2018,$98.52,6737856,$99.22,$99.27,$97.31
06/14/2018,$99.76,3285138,$100.52,$101.10,$99.51
06/13/2018,$100.02,3183747,$100.87,$100.88,$99.96
06/12/2018,$100.73,2425972,$101.50,$101.50,$100.24
06/11/2018,$101.20,3453243,$101.18,$101.67,$100.79
06/08/2018,$101.00,3580513,$101.29,$101.30,$99.59
06/07/2018,$101.48,4245775,$101.44,$102.39,$100.89
06/06/2018,$100.97,2872513,$100.00,$100.995,$99.57
06/05/2018,$99.31,1810530,$99.12,$99.41,$98.43
06/04/2018,$99.45,2417430,$98.81,$99.505,$98.64
06/01/2018,$98.25,2711139,$99.34,$99.61,$98.22
05/31/2018,$98.30,2780315,$98.68,$99.36,$97.80
05/30/2018,$98.99,3069077,$98.85,$99.42,$97.96
05/29/2018,$97.72,4377619,$99.84,$99.84,$96.98
05/25/2018,$101.10,1850149,$101.35,$101.64,$100.47
05/24/2018,$102.01,2230029,$101.69,$102.31,$100.72
05/23/2018,$101.93,2553938,$101.82,$102.25,$100.91
05/22/2018,$102.70,2910660,$102.32,$103.24,$102.08
05/21/2018,$102.04,2073342,$101.57,$102.38,$101.35
05/18/2018,$100.99,2894747,$100.93,$101.33,$100.46
05/17/2018,$101.22,2876062,$100.65,$101.6439,$100.30
05/16/2018,$100.59,2135157,$100.28,$101.24,$100.23
05/15/2018,$100.74,3442274,$100.82,$101.23,$99.97
05/14/2018,$101.29,2234718,$101.69,$102.15,$101.11
05/11/2018,$101.42,2522065,$101.49,$102.68,$101.27
05/10/2018,$101.38,2847550,$100.71,$101.87,$100.22
05/09/2018,$100.50,2689659,$100.22,$100.97,$99.49
05/08/2018,$99.74,3150899,$98.78,$100.37,$98.39
05/07/2018,$98.58,2155426,$98.53,$98.99,$98.29
05/04/2018,$98.35,2363022,$96.35,$98.95,$96.04
05/03/2018,$97.14,3572286,$97.17,$97.32,$95.51
05/02/2018,$97.63,3381535,$98.06,$99.37,$97.55
05/01/2018,$98.58,2915158,$98.82,$98.82,$97.29
04/30/2018,$98.75,2567016,$100.00,$100.37,$98.73
04/27/2018,$99.61,2017355,$99.99,$100.29,$98.93
04/26/2018,$100.23,3010163,$98.85,$100.51,$98.56
04/25/2018,$98.78,4968266,$100.00,$100.30,$97.90
04/24/2018,$100.44,5049077,$101.19,$101.71,$99.58
04/23/2018,$100.61,3183126,$100.78,$101.16,$99.91
04/20/2018,$100.79,5614628,$102.20,$102.67,$100.37
04/19/2018,$102.37,11696280,$99.36,$102.96,$99.05
04/18/2018,$95.15,4930413,$94.04,$95.24,$94.00
04/17/2018,$93.86,2649590,$93.96,$94.60,$93.59
